{
    // Very roughly pulled from some analysis by Dorn+ (A&A 2017)
    "name": "55-Cancri-e",
    "type": "layered",
    "radius": 1.195e7,
    "semi_major_axis": 0.01544,
    "semi_major_axis_in_au": true,
    "eccentricity": 0.02,
    "spin_period": 1.0,
    "force_spin_sync": true,
    "layers": {
        "Core": {
            "type": "iron",
            "is_tidal": false,
            "radius": 4.0e6,
            "density": 14000.0
        },
        "Lower_Mantle": {
            "type": "rock",
            "is_tidal": false,
            "radius": 8.959e6,
            "density": 5000.0
        },
        "Upper_Mantle": {
            "type": "rock",
            "is_tidal": true,
            "radius": 1.195e7,
            "density": 3300.0
        }
    }
}