{
    "name": "Earth_Simple",
    "type": "layered",
    "radius": 6371.0e3,
    "semi_major_axis": 1.0,
    "semi_major_axis_in_au": true,
    "eccentricity": 0.01671022,
    "spin_period": 1.0,
    "tides_on": true,
    "tides": {
        "model": "global_approx",
        "fixed_q": 100.0
    },
    "layers": {
        "Inner_Core": {
            "type": "iron",
            "is_tidal": false,
            "radius": 1220.0e3,
            "density": 17000.0
        },
        "Outer_Core": {
            "type": "iron",
            "is_tidal": false,
            "radius": 3480.0e3,
            "density": 12000.0
        },
        "Lower_Mantle": {
            "type": "rock",
            "is_tidal": false,
            "radius": 5711.0e3,
            "density": 5000.0
        },

        "Upper_Mantle": {
            "type": "rock",
            "is_tidal": true,
            "radius": 6371.0e3,
            "density": 3300.0
        }
    }
}