{
    // Pulled from central results of Goossens+2021
    "name": "Mercury",
    "type": "burnman",
    "radius": 2440.0e3,
    "semi_major_axis": 0.38709893,
    "semi_major_axis_in_au": true,
    "eccentricity": 0.20563069,
    "spin_period": 58.6462,
    "force_spin_sync": false,
    "layers": {
        "Inner_Core": {
            "type": "iron",
            "is_tidal": false,
            "radius": 1277.250e3,
            "material": [
                "Pyrite",
                "Fe_Dewaele"
            ],
            "material_source": [
                "TidalPy",
                "other"
            ],
            "material_fractions": [
                0.8,
                0.2
            ],
            "temperature_mode": "user-defined",
            "temperature_fixed":  2100.0
        },
        "Outer_Core": {
            "type": "iron",
            "is_tidal": false,
            "radius": 1965.0e3,
            "material": [
                "Pyrite",
                "Fe_Dewaele"
            ],
            "material_source": [
                "TidalPy",
                "other"
            ],
            "material_fractions": [
                0.8,
                0.2
            ],
            "temperature_mode": "adiabatic",
            "temperature_fixed":  2100.0
        },
        "Mantle": {
            "type": "rock",
            "is_tidal": true,
            "radius": 2440.0e3,
            "material": "forsterite",
            "material_source": "SLB_2011",
            "temperature_mode": "adiabatic",
            "temperature_top": 1200.0,
            "surface_temperature": 452.0
        }
    }
}