{
    // Radius: Delrez et al., (2018) corrected by Kane et al., (2018)
    // Masses:: Grimm et al., (2018)
    // Gravity: g*mass/(R2)
    // Flux: Delrez et al., (2018) corrected by Kane et al., (2018)
    // Density (Jontof-Hutter et al., 2014): radii: Delrez et al., (2018) + masses: Grimm e al (2018) corrected by Kane et al., (2018)
    // Updated using the analysis done by Agol+2020 and references therein.
    "name": "TRAPPIST-1f",
    "type": "simple_tidal",
    "radius": 6.664e6,
    "radius_error_pos": 0.085e6,
    "radius_error_neg": 0.077e6,
    "mass": 6.205e24,
    "mass_error_pos": 0.184e24,
    "mass_error_neg": 0.184e24,
    "semi_major_axis": 5.758e9,
    "semi_major_axis_error_pos": 0.049e9,
    "semi_major_axis_error_neg": 0.049e9,
    "semi_major_axis_in_au": false,
    "eccentricity": 0.004455,
    "eccentricity_error_pos": 0.003945,
    "eccentricity_error_neg": 0.003945,
    "force_spin_sync": true
}