6371,1020,1450,0
6370,1020,1450,0
6369,1020,1450,0
6368,1020,1450,0
6368,2600,5800,3200
6367,2600,5800,3200
6366,2600,5800,3200
6365,2600,5800,3200
6364,2600,5800,3200
6363,2600,5800,3200
6362,2600,5800,3200
6361,2600,5800,3200
6360,2600,5800,3200
6359,2600,5800,3200
6358,2600,5800,3200
6357,2600,5800,3200
6356,2600,5800,3200
6356,2900,6800,3900
6355,2900,6800,3900
6354,2900,6800,3900
6353,2900,6800,3900
6352,2900,6800,3900
6351,2900,6800,3900
6350,2900,6800,3900
6349,2900,6800,3900
6348,2900,6800,3900
6346.6,2900,6800,3900
6346.6,3380.75,8022.06,4396.02
6346,3380.68,8021.38,4396.16
6345,3380.57,8020.24,4396.39
6344,3380.47,8019.11,4396.62
6343,3380.36,8017.98,4396.85
6342,3380.25,8016.84,4397.08
6341,3380.14,8015.71,4397.31
6340,3380.03,8014.58,4397.54
6339,3379.92,8013.45,4397.77
6338,3379.81,8012.31,4398
6337,3379.7,8011.18,4398.23
6336,3379.6,8010.05,4398.46
6331,3379.05,8004.38,4399.62
6326,3378.51,7998.72,4400.77
6321,3377.97,7993.05,4401.92
6311,3376.88,7981.72,4404.22
6301,3375.79,7970.39,4406.53
6291,3374.71,7959.06,4408.83
6291,3374.71,7959.06,4408.83
6281,3373.62,7947.73,4411.13
6271,3372.53,7936.41,4413.44
6261,3371.45,7925.08,4415.74
6251,3370.36,7913.75,4418.05
6241,3369.27,7902.42,4420.35
6231,3368.18,7891.09,4422.65
6221,3367.1,7879.76,4424.96
6211,3366.01,7868.43,4427.26
6201,3364.92,7857.1,4429.57
6191,3363.84,7845.77,4431.87
6181,3362.75,7834.44,4434.17
6171,3361.66,7823.11,4436.48
6161,3360.58,7811.78,4438.78
6151,3359.49,7800.45,4441.09
6151,3435.77,8558.95,4643.9
6141,3441.75,8578.19,4650.9
6131,3447.72,8597.43,4657.9
6121,3453.69,8616.66,4664.9
6111,3459.66,8635.9,4671.9
6101,3465.63,8655.14,4678.9
6091,3471.6,8674.38,4685.9
6081,3477.58,8693.62,4692.9
6071,3483.55,8712.86,4699.9
6061,3489.52,8732.1,4706.9
6051,3495.49,8751.33,4713.9
6041,3501.46,8770.57,4720.9
6031,3507.43,8789.81,4727.9
6021,3513.41,8809.05,4734.9
6011,3519.38,8828.29,4741.9
6001,3525.35,8847.53,4748.9
5991,3531.32,8866.77,4755.9
5981,3537.29,8886,4762.9
5971,3543.26,8905.24,4769.9
5971,3723.75,9133.92,4932.49
5961,3736.35,9185.11,4961.66
5951,3748.95,9236.31,4990.83
5941,3761.56,9287.5,5020
5931,3774.16,9338.7,5049.18
5921,3786.77,9389.89,5078.35
5911,3799.37,9441.09,5107.52
5901,3811.97,9492.28,5136.69
5891,3824.58,9543.48,5165.86
5881,3837.18,9594.68,5195.04
5871,3849.78,9645.87,5224.21
5861,3862.39,9697.07,5253.38
5851,3874.99,9748.26,5282.55
5841,3887.59,9799.46,5311.73
5831,3900.2,9850.65,5340.9
5821,3912.8,9901.85,5370.07
5811,3925.41,9953.04,5399.24
5801,3938.01,10004.24,5428.41
5791,3950.61,10055.43,5457.59
5781,3963.22,10106.63,5486.76
5771,3975.82,10157.83,5515.93
5771,3975.82,10157.76,5516.02
5761,3978.15,10173.25,5523.76
5751,3980.48,10188.74,5531.5
5741,3982.81,10204.22,5539.24
5731,3985.14,10219.71,5546.99
5721,3987.46,10235.2,5554.73
5711,3989.79,10250.69,5562.47
5701,3992.12,10266.17,5570.21
5701,4380.74,10751.32,5945.13
5685.7,4390.29,10798.97,5989.86
5635.7,4421.28,10954.59,6136.09
5600,4443.2,11065.6,6240.54
5600,4443.2,11065.59,6240.39
5585.7,4451.94,11091.79,6250.67
5535.7,4482.28,11181.92,6286.08
5485.7,4512.32,11269.84,6320.65
5435.7,4542.06,11355.63,6354.42
5385.7,4571.5,11439.36,6387.42
5335.7,4600.67,11521.1,6419.67
5285.7,4629.56,11600.95,6451.2
5235.7,4658.19,11678.96,6482.04
5185.7,4686.56,11755.23,6512.2
5135.7,4714.69,11829.83,6541.73
5085.7,4742.59,11902.83,6570.64
5035.7,4770.25,11974.31,6598.97
4985.7,4797.7,12044.35,6626.74
4935.7,4824.93,12113.04,6653.98
4885.7,4851.96,12180.43,6680.71
4835.7,4878.81,12246.62,6706.96
4785.7,4905.47,12311.67,6732.76
4735.7,4931.95,12375.67,6758.13
4685.7,4958.27,12438.7,6783.11
4635.7,4984.43,12500.83,6807.71
4585.7,5010.45,12562.13,6831.97
4535.7,5036.33,12622.69,6855.92
4485.7,5062.08,12682.58,6879.57
4435.7,5087.7,12741.88,6902.96
4385.7,5113.22,12800.67,6926.11
4335.7,5138.63,12859.02,6949.06
4285.7,5163.95,12917.02,6971.82
4235.7,5189.19,12974.73,6994.42
4185.7,5214.34,13032.24,7016.9
4135.7,5239.44,13089.63,7039.27
4085.7,5264.47,13146.96,7061.57
4035.7,5289.45,13204.32,7083.82
3985.7,5314.4,13261.79,7106.05
3935.7,5339.31,13319.44,7128.28
3885.7,5364.2,13377.35,7150.55
3835.7,5389.08,13435.6,7172.87
3785.7,5413.95,13494.26,7195.29
3735.7,5438.83,13553.41,7217.81
3685.7,5463.72,13613.13,7240.48
3635.7,5488.63,13673.5,7263.31
3630,5491.48,13680.42,7265.93
3630,5491.48,13680.44,7265.97
3585.7,5513.58,13690.98,7265.63
3535.7,5538.56,13703.02,7265.2
3485.7,5563.6,13715.22,7264.71
3480,5566.46,13716.62,7264.65
3480,9903.44,8064.79,0
3400,10029.42,8199.43,0
3300,10181.36,8360.24,0
3200,10327.27,8513.02,0
3100,10467.29,8658.09,0
3000,10601.53,8795.77,0
2900,10730.13,8926.36,0
2800,10853.22,9050.19,0
2700,10970.92,9167.56,0
2600,11083.36,9278.8,0
2500,11190.67,9384.22,0
2400,11292.98,9484.13,0
2300,11390.42,9578.85,0
2221.5,11463.58,9649.77,0
2200,11483.11,9668.69,0
2100,11571.19,9753.97,0
2000,11654.78,9835,0
1900,11734.01,9912.1,0
1800,11809,9985.58,0
1700,11879.89,10055.76,0
1600,11946.81,10122.95,0
1500,12009.88,10187.47,0
1400,12069.23,10249.63,0
1300,12124.99,10309.75,0
1221.5,12166.33,10355.72,0
1221.5,12763.61,11028.26,3504.31
1217.1,12765.95,11029.94,3505.49
1200,12774.95,11036.42,3510.02
1100,12825.03,11072.49,3535.22
1000,12870.76,11105.41,3558.23
900,12912.13,11135.2,3579.05
800,12949.14,11161.86,3597.67
700,12981.81,11185.37,3614.11
600,13010.11,11205.76,3628.35
500,13034.06,11223,3640.41
400,13053.66,11237.11,3650.27
300,13068.9,11248.09,3657.94
200,13079.79,11255.93,3663.42
100,13086.32,11260.63,3666.7
0,13088.5,11262.2,3667.8
