# Earth PREM (Dziewonski and Anderson 1981), at its 1 s reference period.
# The 3 km surface ocean of PREM (rows 6371 to 6368 km at 1020, 1450, 0) is replaced by the upper crust so
# the body is solid to the surface; a static liquid surface layer has no defined radial displacement.
# In the transversely isotropic upper mantle (24.4 to 220 km) the velocities are the vertical ones, Vpv and Vsv.
# q_mu and q_kappa are PREM's shear and bulk quality factors (q_mu = 0 in the liquid outer core), as tabulated
# by the IRIS EMC PREM_1s product; a world uses them only when it sets q_provided = true (see earth_prem_q.toml).
# The last comment line names the columns. Order does not matter and a column may state its unit.
# radius_km,density_kg_m3,vp_m_s,vs_m_s,q_mu,q_kappa
6371,2600,5800,3200,600,57823
6370,2600,5800,3200,600,57823
6369,2600,5800,3200,600,57823
6368,2600,5800,3200,600,57823
6367,2600,5800,3200,600,57823
6366,2600,5800,3200,600,57823
6365,2600,5800,3200,600,57823
6364,2600,5800,3200,600,57823
6363,2600,5800,3200,600,57823
6362,2600,5800,3200,600,57823
6361,2600,5800,3200,600,57823
6360,2600,5800,3200,600,57823
6359,2600,5800,3200,600,57823
6358,2600,5800,3200,600,57823
6357,2600,5800,3200,600,57823
6356,2600,5800,3200,600,57823
6356,2900,6800,3900,600,57823
6355,2900,6800,3900,600,57823
6354,2900,6800,3900,600,57823
6353,2900,6800,3900,600,57823
6352,2900,6800,3900,600,57823
6351,2900,6800,3900,600,57823
6350,2900,6800,3900,600,57823
6349,2900,6800,3900,600,57823
6348,2900,6800,3900,600,57823
6346.6,2900,6800,3900,600,57823
6346.6,3380.75,8022.06,4396.02,600,57823
6346,3380.68,8021.38,4396.16,600,57823
6345,3380.57,8020.24,4396.39,600,57823
6344,3380.47,8019.11,4396.62,600,57823
6343,3380.36,8017.98,4396.85,600,57823
6342,3380.25,8016.84,4397.08,600,57823
6341,3380.14,8015.71,4397.31,600,57823
6340,3380.03,8014.58,4397.54,600,57823
6339,3379.92,8013.45,4397.77,600,57823
6338,3379.81,8012.31,4398,600,57823
6337,3379.7,8011.18,4398.23,600,57823
6336,3379.6,8010.05,4398.46,600,57823
6331,3379.05,8004.38,4399.62,600,57823
6326,3378.51,7998.72,4400.77,600,57823
6321,3377.97,7993.05,4401.92,600,57823
6311,3376.88,7981.72,4404.22,600,57823
6301,3375.79,7970.39,4406.53,600,57823
6291,3374.71,7959.06,4408.83,600,57823
6291,3374.71,7959.06,4408.83,80,57823
6281,3373.62,7947.73,4411.13,80,57823
6271,3372.53,7936.41,4413.44,80,57823
6261,3371.45,7925.08,4415.74,80,57823
6251,3370.36,7913.75,4418.05,80,57823
6241,3369.27,7902.42,4420.35,80,57823
6231,3368.18,7891.09,4422.65,80,57823
6221,3367.1,7879.76,4424.96,80,57823
6211,3366.01,7868.43,4427.26,80,57823
6201,3364.92,7857.1,4429.57,80,57823
6191,3363.84,7845.77,4431.87,80,57823
6181,3362.75,7834.44,4434.17,80,57823
6171,3361.66,7823.11,4436.48,80,57823
6161,3360.58,7811.78,4438.78,80,57823
6151,3359.49,7800.45,4441.09,80,57823
6151,3435.77,8558.95,4643.9,143,57823
6141,3441.75,8578.19,4650.9,143,57823
6131,3447.72,8597.43,4657.9,143,57823
6121,3453.69,8616.66,4664.9,143,57823
6111,3459.66,8635.9,4671.9,143,57823
6101,3465.63,8655.14,4678.9,143,57823
6091,3471.6,8674.38,4685.9,143,57823
6081,3477.58,8693.62,4692.9,143,57823
6071,3483.55,8712.86,4699.9,143,57823
6061,3489.52,8732.1,4706.9,143,57823
6051,3495.49,8751.33,4713.9,143,57823
6041,3501.46,8770.57,4720.9,143,57823
6031,3507.43,8789.81,4727.9,143,57823
6021,3513.41,8809.05,4734.9,143,57823
6011,3519.38,8828.29,4741.9,143,57823
6001,3525.35,8847.53,4748.9,143,57823
5991,3531.32,8866.77,4755.9,143,57823
5981,3537.29,8886,4762.9,143,57823
5971,3543.26,8905.24,4769.9,143,57823
5971,3723.75,9133.92,4932.49,143,57823
5961,3736.35,9185.11,4961.66,143,57823
5951,3748.95,9236.31,4990.83,143,57823
5941,3761.56,9287.5,5020,143,57823
5931,3774.16,9338.7,5049.18,143,57823
5921,3786.77,9389.89,5078.35,143,57823
5911,3799.37,9441.09,5107.52,143,57823
5901,3811.97,9492.28,5136.69,143,57823
5891,3824.58,9543.48,5165.86,143,57823
5881,3837.18,9594.68,5195.04,143,57823
5871,3849.78,9645.87,5224.21,143,57823
5861,3862.39,9697.07,5253.38,143,57823
5851,3874.99,9748.26,5282.55,143,57823
5841,3887.59,9799.46,5311.73,143,57823
5831,3900.2,9850.65,5340.9,143,57823
5821,3912.8,9901.85,5370.07,143,57823
5811,3925.41,9953.04,5399.24,143,57823
5801,3938.01,10004.24,5428.41,143,57823
5791,3950.61,10055.43,5457.59,143,57823
5781,3963.22,10106.63,5486.76,143,57823
5771,3975.82,10157.83,5515.93,143,57823
5771,3975.82,10157.76,5516.02,143,57823
5761,3978.15,10173.25,5523.76,143,57823
5751,3980.48,10188.74,5531.5,143,57823
5741,3982.81,10204.22,5539.24,143,57823
5731,3985.14,10219.71,5546.99,143,57823
5721,3987.46,10235.2,5554.73,143,57823
5711,3989.79,10250.69,5562.47,143,57823
5701,3992.12,10266.17,5570.21,143,57823
5701,4380.74,10751.32,5945.13,312,57823
5685.7,4390.29,10798.97,5989.86,312,57823
5635.7,4421.28,10954.59,6136.09,312,57823
5600,4443.2,11065.6,6240.54,312,57823
5600,4443.2,11065.59,6240.39,312,57823
5585.7,4451.94,11091.79,6250.67,312,57823
5535.7,4482.28,11181.92,6286.08,312,57823
5485.7,4512.32,11269.84,6320.65,312,57823
5435.7,4542.06,11355.63,6354.42,312,57823
5385.7,4571.5,11439.36,6387.42,312,57823
5335.7,4600.67,11521.1,6419.67,312,57823
5285.7,4629.56,11600.95,6451.2,312,57823
5235.7,4658.19,11678.96,6482.04,312,57823
5185.7,4686.56,11755.23,6512.2,312,57823
5135.7,4714.69,11829.83,6541.73,312,57823
5085.7,4742.59,11902.83,6570.64,312,57823
5035.7,4770.25,11974.31,6598.97,312,57823
4985.7,4797.7,12044.35,6626.74,312,57823
4935.7,4824.93,12113.04,6653.98,312,57823
4885.7,4851.96,12180.43,6680.71,312,57823
4835.7,4878.81,12246.62,6706.96,312,57823
4785.7,4905.47,12311.67,6732.76,312,57823
4735.7,4931.95,12375.67,6758.13,312,57823
4685.7,4958.27,12438.7,6783.11,312,57823
4635.7,4984.43,12500.83,6807.71,312,57823
4585.7,5010.45,12562.13,6831.97,312,57823
4535.7,5036.33,12622.69,6855.92,312,57823
4485.7,5062.08,12682.58,6879.57,312,57823
4435.7,5087.7,12741.88,6902.96,312,57823
4385.7,5113.22,12800.67,6926.11,312,57823
4335.7,5138.63,12859.02,6949.06,312,57823
4285.7,5163.95,12917.02,6971.82,312,57823
4235.7,5189.19,12974.73,6994.42,312,57823
4185.7,5214.34,13032.24,7016.9,312,57823
4135.7,5239.44,13089.63,7039.27,312,57823
4085.7,5264.47,13146.96,7061.57,312,57823
4035.7,5289.45,13204.32,7083.82,312,57823
3985.7,5314.4,13261.79,7106.05,312,57823
3935.7,5339.31,13319.44,7128.28,312,57823
3885.7,5364.2,13377.35,7150.55,312,57823
3835.7,5389.08,13435.6,7172.87,312,57823
3785.7,5413.95,13494.26,7195.29,312,57823
3735.7,5438.83,13553.41,7217.81,312,57823
3685.7,5463.72,13613.13,7240.48,312,57823
3635.7,5488.63,13673.5,7263.31,312,57823
3630,5491.48,13680.42,7265.93,312,57823
3630,5491.48,13680.44,7265.97,312,57823
3585.7,5513.58,13690.98,7265.63,312,57823
3535.7,5538.56,13703.02,7265.2,312,57823
3485.7,5563.6,13715.22,7264.71,312,57823
3480,5566.46,13716.62,7264.65,312,57823
3480,9903.44,8064.79,0,0,57823
3400,10029.42,8199.43,0,0,57823
3300,10181.36,8360.24,0,0,57823
3200,10327.27,8513.02,0,0,57823
3100,10467.29,8658.09,0,0,57823
3000,10601.53,8795.77,0,0,57823
2900,10730.13,8926.36,0,0,57823
2800,10853.22,9050.19,0,0,57823
2700,10970.92,9167.56,0,0,57823
2600,11083.36,9278.8,0,0,57823
2500,11190.67,9384.22,0,0,57823
2400,11292.98,9484.13,0,0,57823
2300,11390.42,9578.85,0,0,57823
2221.5,11463.58,9649.77,0,0,57823
2200,11483.11,9668.69,0,0,57823
2100,11571.19,9753.97,0,0,57823
2000,11654.78,9835,0,0,57823
1900,11734.01,9912.1,0,0,57823
1800,11809,9985.58,0,0,57823
1700,11879.89,10055.76,0,0,57823
1600,11946.81,10122.95,0,0,57823
1500,12009.88,10187.47,0,0,57823
1400,12069.23,10249.63,0,0,57823
1300,12124.99,10309.75,0,0,57823
1221.5,12166.33,10355.72,0,0,57823
1221.5,12763.61,11028.26,3504.31,84.6,1327.7
1217.1,12765.95,11029.94,3505.49,84.6,1327.7
1200,12774.95,11036.42,3510.02,84.6,1327.7
1100,12825.03,11072.49,3535.22,84.6,1327.7
1000,12870.76,11105.41,3558.23,84.6,1327.7
900,12912.13,11135.2,3579.05,84.6,1327.7
800,12949.14,11161.86,3597.67,84.6,1327.7
700,12981.81,11185.37,3614.11,84.6,1327.7
600,13010.11,11205.76,3628.35,84.6,1327.7
500,13034.06,11223,3640.41,84.6,1327.7
400,13053.66,11237.11,3650.27,84.6,1327.7
300,13068.9,11248.09,3657.94,84.6,1327.7
200,13079.79,11255.93,3663.42,84.6,1327.7
100,13086.32,11260.63,3666.7,84.6,1327.7
0,13088.5,11262.2,3667.8,84.6,1327.7
