# Alterman, Z., Jarosch, H., & Pekeris, C. L. (1961). Propagation of Rayleigh waves in the Earth. Geophysical Journal, 4, 219-241.
# Table 4 (pp. 225-226): "Properties of the Gutenberg Earth Model", digitized row by row from the published table.
# Farrell (1972) calls this the Gutenberg-Bullen A model and uses it for his load Love numbers (his p. 783).
# Columns: depth_top [km], depth_bottom [km], density [g cm-3], Cp [km s-1], Cs [km s-1], mu [1e11 dyn cm-2], lambda [1e11 dyn cm-2], g [cm s-2].
# Crust and mantle (depth 0 to 2898 km): the table prints each value line between two depth labels, so each row is a homogeneous shell from depth_top to depth_bottom.
# Core (depth 2898 to 6371 km): the table prints each value line on its depth label, so each row is a point value (depth_top == depth_bottom); Cs and mu are blank in the table (liquid) and are written as 0.
# The printed mu and lambda equal density Cs^2 and density (Cp^2 - 2 Cs^2) to the printed precision in the crust and mantle; the core lambda equals density Cp^2 to within 0.06.
0,19,2.74,6.14,3.55,3.45,3.42,982
19,38,3.00,6.58,3.80,4.33,4.32,983
38,50,3.32,8.20,4.65,7.18,7.97,984
50,60,3.34,8.17,4.62,7.13,8.04,985
60,70,3.35,8.14,4.57,7.00,8.20,985
70,80,3.36,8.10,4.51,6.83,8.38,986
80,90,3.37,8.07,4.46,6.70,8.54,986
90,100,3.38,8.02,4.41,6.57,8.59,986
100,125,3.39,7.93,4.37,6.47,8.37,986
125,150,3.41,7.85,4.35,6.45,8.11,987
150,175,3.43,7.89,4.36,6.52,8.31,988
175,200,3.46,7.98,4.38,6.64,8.76,989
200,225,3.48,8.10,4.42,6.80,9.23,989
225,250,3.50,8.21,4.46,6.96,9.67,990
250,300,3.53,8.38,4.54,7.28,10.24,991
300,350,3.58,8.62,4.68,7.84,10.92,992
350,400,3.62,8.87,4.85,8.52,11.45,993
400,450,3.69,9.15,5.04,9.37,12.15,995
450,500,3.82,9.45,5.21,10.37,13.38,996
500,600,4.01,9.88,5.45,11.91,15.32,997
600,700,4.21,10.30,5.76,13.97,16.73,998
700,800,4.40,10.71,6.03,16.00,18.47,998
800,900,4.56,11.10,6.23,17.70,20.79,997
900,1000,4.63,11.35,6.32,18.49,22.66,995
1000,1200,4.74,11.60,6.42,19.54,24.71,993
1200,1400,4.85,11.93,6.55,20.81,27.41,990
1400,1600,4.96,12.17,6.69,22.20,29.06,986
1600,1800,5.07,12.43,6.80,23.44,31.45,983
1800,2000,5.19,12.67,6.90,24.71,33.90,982
2000,2200,5.29,12.90,6.97,25.70,36.63,981
2200,2400,5.39,13.10,7.05,26.79,38.92,984
2400,2600,5.49,13.32,7.15,28.07,41.27,989
2600,2800,5.59,13.59,7.23,29.22,44.80,997
2800,2898,5.69,13.70,7.20,29.50,47.80,1011
2898,2898,9.40,8.10,0,0,61.71,1037
3000,3000,9.55,8.23,0,0,64.72,1015
3500,3500,10.15,8.90,0,0,80.42,908
4000,4000,10.7,9.50,0,0,96.58,800
4500,4500,11.2,9.97,0,0,111.39,631
4982,4982,11.5,10.44,0,0,125.34,469
5121,5121,12.0,10.75,0,0,138.66,422
6371,6371,12.3,11.31,0,0,157.34,0
